Area,Region,Additional Group 1,Additional Group 2,Places,,,,,,,,,,,,,,,,,,,,,,,,,,,,,,,,,,,,,,,,,,,,
LL58,Anglesey,,,"Beaumaris, Anglesey","	Llanddona, Anglesey","Llanfaes, Anglesey","Llangoed, Anglesey","Penmon, Anglesey",,,,,,,,,,,,,,,,,,,,,,,,,,,,,,,,,,,,,,,,
LL59,Anglesey,,,"Menai Bridge, Anglesey","Llandegfan, Anglesey",,,,,,,,,,,,,,,,,,,,,,,,,,,,,,,,,,,,,,,,,,,
LL60,Anglesey,,,"Gaerwen, Anglesey","Llangaffo, Anglesey","Pentre Berw, Anglesey","Llanddaniel Fab, Anglesey","Star, Anglesey",,,,,,,,,,,,,,,,,,,,,,,,,,,,,,,,,,,,,,,,
LL61,Anglesey,,,"Llanfairpwllgwyngyll, Anglesey","Brynsiencyn, Anglesey","Dwyran, Anglesey","Penmynydd, Anglesey","Newborough, Anglesey",,,,,,,,,,,,,,,,,,,,,,,,,,,,,,,,,,,,,,,,
LL62,Anglesey,,,"Bethel, Anglesey","Hermon, Anglesey","Llangadwaladr, Anglesey","Llangristiolus, Anglesey","Malltraeth, Anglesey",,,,,,,,,,,,,,,,,,,,,,,,,,,,,,,,,,,,,,,,
LL63,Anglesey,,,"Aberffraw, Anglesey","Llanfaelog, Anglesey","Bryn Du, Anglesey","Pencarnisiog, Anglesey",,,,,,,,,,,,,,,,,,,,,,,,,,,,,,,,,,,,,,,,,
LL64,Anglesey,,,"Rhosneigr, Anglesey",,,,,,,,,,,,,,,,,,,,,,,,,,,,,,,,,,,,,,,,,,,,
LL65,Anglesey,,,"Holyhead, Anglesey","Bodedern, Anglesey","	Bryngwran, Anglesey","Caergeiliog, Anglesey","	Elim, Anglesey","Four Mile Bridge, Anglesey","Gwalchmai, Anglesey","	Llaingoch, Anglesey","Llanddeusant, Anglesey","Llanfachraeth, Anglesey","Llanfaethlu, Anglesey","Llanfair-yng-Nghornwy, Anglesey","Llanrhyddlad, Anglesey","	Llanynghenedl, Anglesey","Penrhos, Anglesey","Rhoscolyn, Anglesey","Rhydwyn, Anglesey","Trearddur Bay, Anglesey","Valley, Anglesey",,,,,,,,,,,,,,,,,,,,,,,,,,
LL66,Anglesey,,,"Rhosgoch, Anglesey","Bodewryd, Anglesey",,,,,,,,,,,,,,,,,,,,,,,,,,,,,,,,,,,,,,,,,,,
LL67,Anglesey,,,"Cemaes, Anglesey","	Tregele, Anglesey",,,,,,,,,,,,,,,,,,,,,,,,,,,,,,,,,,,,,,,,,,,
LL68,Anglesey,,,"Amlwch, Anglesey","	Llanfechell, Anglesey","Bull Bay, Anglesey","Carreglefn, Anglesey","Rhosybol, Anglesey","Amlwch Port, Anglesey","Llaneilian, Anglesey","Pengorffwysfa, Anglesey","Mynydd Mechell, Anglesey","Nebo, Anglesey",,,,,,,,,,,,,,,,,,,,,,,,,,,,,,,,,,,
LL69,Anglesey,,,"	Penysarn, Anglesey","Cerrig Mân, Anglesey",,,,,,,,,,,,,,,,,,,,,,,,,,,,,,,,,,,,,,,,,,,
LL70,Anglesey,,,"Dulas, Anglesey","Brynrefail, Anglesey",,,,,,,,,,,,,,,,,,,,,,,,,,,,,,,,,,,,,,,,,,,
LL71,Anglesey,,,"	Llanerch-y-medd, Anglesey","Carmel, Anglesey",,,,,,,,,,,,,,,,,,,,,,,,,,,,,,,,,,,,,,,,,,,
LL72,Anglesey,,,"	Moelfre, Anglesey","Llanallgo, Anglesey",,,,,,,,,,,,,,,,,,,,,,,,,,,,,,,,,,,,,,,,,,,
LL73,Anglesey,,,"	Marianglas, Anglesey",,,,,,,,,,,,,,,,,,,,,,,,,,,,,,,,,,,,,,,,,,,,
LL74,Anglesey,,,"Tyn-y-Gongl, Anglesey","Benllech, Anglesey",,,,,,,,,,,,,,,,,,,,,,,,,,,,,,,,,,,,,,,,,,,
LL75,Anglesey,,,"	Pentraeth, Anglesey","	Red Wharf Bay, Anglesey","	Rhoscefnhir, Anglesey",,,,,,,,,,,,,,,,,,,,,,,,,,,,,,,,,,,,,,,,,,
LL76,Anglesey,,,"Llanbedrgoch, Anglesey",,,,,,,,,,,,,,,,,,,,,,,,,,,,,,,,,,,,,,,,,,,,
LL77,Anglesey,,,"Llangefni, Anglesey","	Bodffordd, Anglesey","	Capel Coch, Anglesey","	Rhosmeirch, Anglesey","	Rhostrehwfa, Anglesey","	Talwrn, Anglesey",,,,,,,,,,,,,,,,,,,,,,,,,,,,,,,,,,,,,,,
LL78,Anglesey,,,"Brynteg, Anglesey",,,,,,,,,,,,,,,,,,,,,,,,,,,,,,,,,,,,,,,,,,,,
Cardiff East,Cardiff,,,"Adamsdown, Cardiff","Splott, Cardiff","Tremorfa, Cardiff","Plasnewydd, Cardiff","Roath, Cardiff",,,,,,,,,,,,,,,,,,,,,,,,,,,,,,,,,,,,,,,,
Cardiff West,Cardiff,,,"Ely, Cardiff","Caerau, Cardiff","Fairwater, Cardiff","Culverhouse Cross, Cardiff","
Michaelston-super-Ely, Cardiff","Pentrebane, Cardiff",,,,,,,,,,,,,,,,,,,,,,,,,,,,,,,,,,,,,,,
Cardiff South,Cardiff,,,"Butetown, Cardiff","Grangetown, Cardiff","Leckwith, Cardiff","Riverside, Cardiff",,,,,,,,,,,,,,,,,,,,,,,,,,,,,,,,,,,,,,,,,
Cardiff Central,Cardiff,,,"Cathays, Cardiff","Blackweir, Cardiff","Maindy, Cardiff","Gabalfa, Cardiff","Mynachdy, Cardiff","Llandaff North, Cardiff","Cardiff City Centre, Cardiff","Cardiff Bay, Cardiff","Atlantic Wharf, Cardiff",,,,,,,,,,,,,,,,,,,,,,,,,,,,,,,,,,,,
Cardiff (Pentwyn & Rumney),Cardiff,,,"Pentwyn, Cardiff","Llanrumney, Cardiff","Rumney, Cardiff","Trowbridge, Cardiff","Llanedeyrn, Cardiff","St Mellons, Cardiff","Old St Mellons, Cardiff",,,,,,,,,,,,,,,,,,,,,,,,,,,,,,,,,,,,,,
"Cardiff (Llandaff, Canton & Radyr)",Cardiff,,,"Canton, Cardiff","Llandaff, Cardiff","Pontcanna, Cardiff","Danescourt, Cardiff","Victoria Park, Cardiff","Radyr, Cardiff	","Morganstown, Cardiff",,,,,,,,,,,,,,,,,,,,,,,,,,,,,,,,,,,,,,
Cardiff North East,Cardiff,,,"Penylan, Cardiff","Cyncoed, Cardiff","Pontpennau, Cardiff","Lisvane, Cardiff","Roath Park, Cardiff","Thornhill, Cardiff",,,,,,,,,,,,,,,,,,,,,,,,,,,,,,,,,,,,,,,
Cardiff North West,Cardiff,,,"Whitchurch, Cardiff","Rhiwbina, Cardiff","Llanishen, Cardiff","Heath, Cardiff","Pontmawr, Cardiff","Coryton, Cardiff","Birchgrove, Cardiff","Blaengwynlais, Cardiff",,,,,,,,,,,,,,,,,,,,,,,,,,,,,,,,,,,,,
CF64,Vale of Glamorgan,,,"Penarth, Vale of Glamorgan","Llandough (near Penarth), Vale of Glamorgan","Dinas Powys, Vale of Glamorgan","Michaelston-le-Pit, Vale of Glamorgan","St Andrews Major, Vale of Glamorgan","Swanbridge, Vale of Glamorgan",,,,,,,,,,,,,,,,,,,,,,,,,,,,,,,,,,,,,,,
Barry,Vale of Glamorgan,,,"Barry, Vale of Glamorgan","Sully, Vale of Glamorgan",,,,,,,,,,,,,,,,,,,,,,,,,,,,,,,,,,,,,,,,,,,
CF3,Newport,,,"Peterstone Wentloodge, Newport","Marshfield, Newport","Castleton, Newport","Cefn Mably, Newport","Michaelston-y-Fedw, Newport",,,,,,,,,,,,,,,,,,,,,,,,,,,,,,,,,,,,,,,,
NP16,Monmouthshire,,,"Chepstow, Monmouthshire","Mathern, Monmouthshire","Shirenewton, Monmouthshire","Mynydd-Bach, Monmouthshire","Llanvair-Discoed, Monmouthshire","Devauden, Monmouthshire","Llanishen, Monmouthshire","Catbrook, Monmouthshire","Tintern, Monmouthshire","St Arvans, Monmouthshire",,,,,,,,,,,,,,,,,,,,,,,,,,,,,,,,,,,
NP25,Monmouthshire,,,"Monmouth, Monmouthshire","Wyesham, Monmouthshire","Trellech, Monmouthshire","The Narth, Monmouthshire","Llandogo, Monmouthshire","Dingestow, Monmouthshire",,,,,,,,,,,,,,,,,,,,,,,,,,,,,,,,,,,,,,,
NP15,Monmouthshire,,,"Usk, Monmouthshire","Raglan, Monmouthshire","Llangybi, Monmouthshire","Goytre, Monmouthshire","Little Mill, Monmouthshire","Glascoed, Monmouthshire","Coed-y-Paen, Monmouthshire","Llanhennock, Monmouthshire","Llandegveth, Monmouthshire",,,,,,,,,,,,,,,,,,,,,,,,,,,,,,,,,,,,
NP7,Monmouthshire,,,"Abergavenny, Monmouthshire","Govilon, Monmouthshire","Grosmont, Monmouthshire","Gilwern, Monmouthshire","Waenllapria, Monmouthshire","Pandy, Monmouthshire","Llanddewi Rhydderch, Monmouthshire","Llanvapley, Monmouthshire","Llantilio Crossenny, Monmouthshire","Skenfrith, Monmouthshire",,,,,,,,,,,,,,,,,,,,,,,,,,,,,,,,,,,
NP8,Powys,,,"Crickhowell, Powys","Ffawyddog, Powys","Llangattock, Powys","Llangynidr, Powys","Llanbedr, Powys","Cwmdu, Powys",,,,,,,,,,,,,,,,,,,,,,,,,,,,,,,,,,,,,,,
NP4,Torfaen,,,"Pontypool, Torfaen","Abersychan, Torfaen","Blaenavon, Torfaen","Coedcae, Torfaen","	Cwm Ffrwd-oer, Torfaen","	Griffithstown, Torfaen","New Inn, Torfaen","Pontnewynydd, Torfaen","Sebastopol, Torfaen","Tranch, Torfaen","	Trevethin, Torfaen","Varteg, Torfaen",,,,,,,,,,,,,,,,,,,,,,,,,,,,,,,,,
NP44,Torfaen,,,"Cwmbran, Torfaen","Castell-y-bwch, Torfaen","Croes-y-mwyalch, Torfaen","Llanfrechfa, Torfaen","Pontrhydyrun, Torfaen","Pontnewydd, Torfaen","Ponthir, Torfaen",,,,,,,,,,,,,,,,,,,,,,,,,,,,,,,,,,,,,,
NP23,Blaenau Gwent,,,"Ebbw Vale,  Blaenau Gwent","Cwm, Blaenau Gwent","Waun-Lwyd, Blaenau Gwent","Beaufort, Blaenau Gwent","Rassau, Blaenau Gwent","Garnlydan, Blaenau Gwent",,,,,,,,,,,,,,,,,,,,,,,,,,,,,,,,,,,,,,,
NP13,Blaenau Gwent,,,"Abertillery, Blaenau Gwent","Cwmtillery, Blaenau Gwent","Llanhilleth, Blaenau Gwent","Brythinel, Blaenau Gwent","Aberbeeg, Blaenau Gwent","Six Bells, Blaenau Gwent","Blaina, Blaenau Gwent","Nantyglo, Blaenau Gwent","Brynmawr, Blaenau Gwent","Coalbrookvale, Blaenau Gwent","Swffryd, Blaenau Gwent",,,,,,,,,,,,,,,,,,,,,,,,,,,,,,,,,,
Rhymney,Caerphilly,,,"Pontlottyn, Caerphilly","Fochriw, Caerphilly","Pentwyn, Caerphilly","Abertysswg, Caerphilly","Rhymney, Caerphilly","Llechryd, Caerphilly",,,,,,,,,,,,,,,,,,,,,,,,,,,,,,,,,,,,,,,
Tredegar,Blaenau Gwent,,,"Tredegar, Blaenau Gwent","Trefil, Blaenau Gwent","Nantybwch, Blaenau Gwent","Sirhowy, Blaenau Gwent","Georgetown, Blaenau Gwent","Tafarnaubach, Blaenau Gwent",,,,,,,,,,,,,,,,,,,,,,,,,,,,,,,,,,,,,,,
NP24,Caerphilly,,,"New Tredegar, Caerphilly","Tirphil, Caerphilly","Brithdir, Caerphilly",,,,,,,,,,,,,,,,,,,,,,,,,,,,,,,,,,,,,,,,,,
NP11,Caerphilly,,,"Pen-twyn, Caerphilly","Crumlin, Caerphilly","Pantside, Caerphilly","Newbridge, Caerphilly","Abercarn, Caerphilly","Cwmcarn, Caerphilly","Crosskeys, Caerphilly","Wattsville, Caerphilly","Cwmfelinfach, Caerphilly","Ynysddu, Caerphilly","Risca, Caerphilly","Pontymister, Caerphilly",,,,,,,,,,,,,,,,,,,,,,,,,,,,,,,,,
NP12,Caerphilly,,,"Blackwood, Caerphilly","Pengam, Caerphilly","Croespenmaen, Caerphilly","Hollybush, Caerphilly","Manmoel, Caerphilly","Markham, Caerphilly","Argoed, Caerphilly","Oakdale, Caerphilly","Tir-y-Berth, Caerphilly","Glan-y-Nant, Caerphilly","Fleur-de-Lis, Caerphilly","Pontllanfraith, Caerphilly","Wyllie, Caerphilly","Cefn Fforest, Caerphilly",,,,,,,,,,,,,,,,,,,,,,,,,,,,,,,
NP26,Monmouthshire,,,"Caldicot, Monmouthshire","Magor, Monmouthshire","Caerwent, Monmouthshire","Crick, Monmouthshire","Portskewett, Monmouthshire","Sudbrook, Monmouthshire","Undy, Monmouthshire","Rogiet, Monmouthshire",,,,,,,,,,,,,,,,,,,,,,,,,,,,,,,,,,,,,
Newport North East,Newport,,,"Caerleon, Newport","Christchurch, Newport","Langstone, Newport","Parc Seymour, Newport","Llandevaud, Newport","Llanmartin, Newport","Llanvaches, Newport",,,,,,,,,,,,,,,,,,,,,,,,,,,,,,,,,,,,,,
Newport Central,Newport,,,"Newport City Centre, Newport","Pillgwenlly, Newport","Stow Hill, Newport","Victoria, Newport","Baneswell, Newport","Mendalgief, Newport",,,,,,,,,,,,,,,,,,,,,,,,,,,,,,,,,,,,,,,
Newport (Bassaleg & Rogerstone),Newport,,,"Rogerstone, Newport","High Cross, Newport","Rhiwderin, Newport","Bassaleg, Newport","Graig, Newport","Lower Machen, Newport",,,,,,,,,,,,,,,,,,,,,,,,,,,,,,,,,,,,,,,
Newport East,Newport,,,"Liswerry, Newport","St Julians, Newport","Llanwern, Newport","Maindee, Newport","Underwood, Newport","Barnardtown, Newport","Redwick, Newport","Nash, Newport","Goldcliff, Newport","Lysaght Village, Newport",,,,,,,,,,,,,,,,,,,,,,,,,,,,,,,,,,,
Newport West,Newport,,,"Duffryn, Newport","St Brides, Newport","Maesglas, Newport","Glasllwch, Newport","Allt-yr-yn, Newport","Crindau, Newport","Brynglas, Newport","Malpas, Newport","Bettws, Newport","Gaer, Newport","Ridgeway, Newport","Shaftesbury, Newport","Tredegar Park, Newport",,,,,,,,,,,,,,,,,,,,,,,,,,,,,,,,
CF81,Caerphilly,,,"Bargoed, Caerphilly","Aberbargoed, Caerphilly","Deri, Caerphilly","Gilfach, Caerphilly",,,,,,,,,,,,,,,,,,,,,,,,,,,,,,,,,,,,,,,,,
CF82,Caerphilly,,,"Hengoed, Caerphilly","Penpedairheol, Caerphilly","Gelligaer, Caerphilly","Penybryn, Caerphilly","Cefn Hengoed, Caerphilly","Ystrad Mynach, Caerphilly","Maesycwmmer, Caerphilly",,,,,,,,,,,,,,,,,,,,,,,,,,,,,,,,,,,,,,
Merthyr Tydfil,Merthyr Tydfil,,,"Merthyr Tydfil, Merthyr Tydfil","Gurnos, Merthyr Tydfil","	Abercanaid, Merthyr Tydfil","Cefn-coed-y-cymmer, Merthyr Tydfil","	Pant, Merthyr Tydfil","Pentrebach, Merthyr Tydfil","	Pontsticill, Merthyr Tydfil","Troed-y-rhiw, Merthyr Tydfil","Vaynor, Merthyr Tydfil","Trefechan, Merthyr Tydfil","Clwydyfagwyr, Merthyr Tydfil","Heolgerrig, Merthyr Tydfil","Gellideg, Merthyr Tydfil","Dowlais, Merthyr Tydfil","Galon Uchaf, Merthyr Tydfil","Pen-y-darren, Merthyr Tydfil",,,,,,,,,,,,,,,,,,,,,,,,,,,,,
Treharris & Aberfan,Merthyr Tydfil,,,"Treharris, Merthyr Tydfil","Aberfan, Merthyr Tydfil","Merthyr Vale, Merthyr Tydfil","Bedlinog, Merthyr Tydfil","Quakers Yard, Merthyr Tydfil","Trelewis, Merthyr Tydfil","Edwardsville, Merthyr Tydfil",,,,,,,,,,,,,,,,,,,,,,,,,,,,,,,,,,,,,,
Nelson,Caerphilly,,,"Nelson, Caerphilly","Llanfabon, Caerphilly",,,,,,,,,,,,,,,,,,,,,,,,,,,,,,,,,,,,,,,,,,,
CF44,Rhondda Cynon Taf,,,"Aberdare, Rhondda Cynon Taf","Cwmaman, Rhondda Cynon Taf","Aberaman, Rhondda Cynon Taf","Llwydcoed, Rhondda Cynon Taf","Cwmbach, Rhondda Cynon Taf","Hirwaun, Rhondda Cynon Taf","Penywaun, Rhondda Cynon Taf","Rhigos, Rhondda Cynon Taf","Penderyn, Rhondda Cynon Taf","Ystradfellte, Rhondda Cynon Taf","Pontbren Llwyd, Rhondda Cynon Taf","Cwmdare, Rhondda Cynon Taf","Abercwmboi, Rhondda Cynon Taf",,,,,,,,,,,,,,,,,,,,,,,,,,,,,,,,
CF45,Rhondda Cynon Taf,,,"Mountain Ash, Rhondda Cynon Taf","Abercynon, Rhondda Cynon Taf","Penrhiwceiber, Rhondda Cynon Taf","Ynysboeth, Rhondda Cynon Taf","Cefnpennar, Rhondda Cynon Taf","Cwmpennar, Rhondda Cynon Taf","Glenboi, Rhondda Cynon Taf","Caegarw, Rhondda Cynon Taf","Perthcelyn, Rhondda Cynon Taf","Pontcynon, Rhondda Cynon Taf",,,,,,,,,,,,,,,,,,,,,,,,,,,,,,,,,,,
CF43,Rhondda Cynon Taf,,,"Ferndale, Rhondda Cynon Taf","Blaenllechau, Rhondda Cynon Taf","Tylorstown, Rhondda Cynon Taf","Penrhys, Rhondda Cynon Taf","Pontygwaith, Rhondda Cynon Taf","Stanleytown, Rhondda Cynon Taf","Maerdy, Rhondda Cynon Taf",,,,,,,,,,,,,,,,,,,,,,,,,,,,,,,,,,,,,,
CF42,Rhondda Cynon Taf,,,"Treorchy, Rhondda Cynon Taf","Cwmparc, Rhondda Cynon Taf","Ynyswen, Rhondda Cynon Taf","Treherbert, Rhondda Cynon Taf","Blaencwm, Rhondda Cynon Taf","Blaenrhondda, Rhondda Cynon Taf","Tynewydd, Rhondda Cynon Taf","Pen-yr-englyn, Rhondda Cynon Taf",,,,,,,,,,,,,,,,,,,,,,,,,,,,,,,,,,,,,
CF41,Rhondda Cynon Taf,,,"Pentre, Rhondda Cynon Taf","Ton Pentre, Rhondda Cynon Taf","Ystrad, Rhondda Cynon Taf","Gelli, Rhondda Cynon Taf",,,,,,,,,,,,,,,,,,,,,,,,,,,,,,,,,,,,,,,,,
CF40,Rhondda Cynon Taf,,,"Tonypandy, Rhondda Cynon Taf","Trealaw, Rhondda Cynon Taf","Penygraig, Rhondda Cynon Taf","Dinas, Rhondda Cynon Taf","Williamstown, Rhondda Cynon Taf","Clydach Vale, Rhondda Cynon Taf","Llwynypia, Rhondda Cynon Taf","Penrhiwfer, Rhondda Cynon Taf",,,,,,,,,,,,,,,,,,,,,,,,,,,,,,,,,,,,,
CF39,Rhondda Cynon Taf,,,"Porth, Rhondda Cynon Taf","Wattstown,Rhondda Cynon Taf","Ynyshir, Rhondda Cynon Taf","Llwyncelyn, Rhondda Cynon Taf","Cymmer, Rhondda Cynon Taf","Trebanog, Rhondda Cynon Taf","Glynfach, Rhondda Cynon Taf","Tonyrefail, Rhondda Cynon Taf","Coedely, Rhondda Cynon Taf","Thomastown, Rhondda Cynon Taf","Gilfach Goch, Rhondda Cynon Taf","Hendreforgan, Rhondda Cynon Taf",,,,,,,,,,,,,,,,,,,,,,,,,,,,,,,,,
CF37,Rhondda Cynon Taf,,,"Pontypridd, Rhondda Cynon Taf","Cilfynydd, Rhondda Cynon Taf","Glyncoch, Rhondda Cynon Taf","Graig, Rhondda Cynon Taf","Treforest, Rhondda Cynon Taf","Hopkinstown, Rhondda Cynon Taf","Trallwng, Rhondda Cynon Taf","Maesycoed, Rhondda Cynon Taf","Pwllgwaun, Rhondda Cynon Taf","Hawthorn, Rhondda Cynon Taf","Rhydyfelin, Rhondda Cynon Taf","Trehafod, Rhondda Cynon Taf","Coedpenmaen, Rhondda Cynon Taf","Pen-y-coedcae, Rhondda Cynon Taf","Ynysybwl, Rhondda Cynon Taf","Coed-y-Cwm, Rhondda Cynon Taf","Taff's Well, Rhondda Cynon Taf","Nantgarw, Rhondda Cynon Taf",,,,,,,,,,,,,,,,,,,,,,,,,,,
CF38,Rhondda Cynon Taf,,,"Beddau, Rhondda Cynon Taf","Tynant, Rhondda Cynon Taf","Llantwit Fardre, Rhondda Cynon Taf","Church Village, Rhondda Cynon Taf","Tonteg, Rhondda Cynon Taf","Efail Isaf, Rhondda Cynon Taf",,,,,,,,,,,,,,,,,,,,,,,,,,,,,,,,,,,,,,,
CF83,Caerphilly,,,"Caerphilly, Caerphilly","Draethen, Caerphilly","Abertridwr, Caerphilly","Senghenydd, Caerphilly","Bedwas, Caerphilly","Trethomas, Caerphilly","Machen, Caerphilly","Llanbradach, Caerphilly","Pwllypant, Caerphilly","Penyrheol, Caerphilly","Energlyn, Caerphilly","Trecenydd, Caerphilly","Rudry, Caerphilly","Waterloo, Caerphilly","Thornhill, Caerphilly",,,,,,,,,,,,,,,,,,,,,,,,,,,,,,
CF72,Rhondda Cynon Taf,,,"Pontyclun, Rhondda Cynon Taf","Llantrisant, Rhondda Cynon Taf","Brynnau Gwynion, Rhondda Cynon Taf","Llanharan, Rhondda Cynon Taf","Talbot Green, Rhondda Cynon Taf","Brynsadler, Rhondda Cynon Taf","Miskin, Rhondda Cynon Taf","Brynna, Rhondda Cynon Taf","Llanherry, Rhondda Cynon Taf","Ynysmaerdy, Rhondda Cynon Taf","Groes-faen, Rhondda Cynon Taf","Talygarn, Rhondda Cynon Taf","Tyla Garw, Rhondda Cynon Taf","Bryncae, Rhondda Cynon Taf","Cross Inn, Rhondda Cynon Taf",,,,,,,,,,,,,,,,,,,,,,,,,,,,,,
CF71,Vale of Glamorgan,,,"Cowbridge, Vale of Glamorgan","Welsh St Donats, Vale of Glamorgan","Pendoylan, Vale of Glamorgan","Llandow, Vale of Glamorgan","Colwinston, Vale of Glamorgan","Llanblethian, Vale of Glamorgan","Penllyn, Vale of Glamorgan","Llanfair, Vale of Glamorgan","Ystradowen, Vale of Glamorgan","Trerhyngyll, Vale of Glamorgan","Aberthin, Vale of Glamorgan","Maendy, Vale of Glamorgan","Graig Penllyn, Vale of Glamorgan","Llysworney, Vale of Glamorgan","Wick, Vale of Glamorgan","Broughton, Vale of Glamorgan","Sigingstone,Vale of Glamorgan","The Herberts, Vale of Glamorgan","St Mary Church, Vale of Glamorgan","St Hilary, Vale of Glamorgan","Llansannor, Vale of Glamorgan","Llandough (near Cowbridge), Vale of Glamorgan",,,,,,,,,,,,,,,,,,,,,,,
CF61,Vale of Glamorgan,,,"Llantwit, Vale of Glamorgan","Llanmaes,  Vale of Glamorgan","Boverton,  Vale of Glamorgan","St Donats,  Vale of Glamorgan",,,,,,,,,,,,,,,,,,,,,,,,,,,,,,,,,,,,,,,,,
CF62,Vale of Glamorgan,,,"Rhoose, Vale of Glamorgan","Llancarfan, Vale of Glamorgan","Eglwys-Brewis, Vale of Glamorgan","St Athan, Vale of Glamorgan","Flemingston, Vale of Glamorgan","Llanbethery, Vale of Glamorgan",,,,,,,,,,,,,,,,,,,,,,,,,,,,,,,,,,,,,,,
CF34,Bridgend,,,"Maesteg, Bridgend","Llangynwyd, Bridgend","Caerau, Bridgend","Nantyffyllon, Bridgend","Garth, Bridgend",,,,,,,,,,,,,,,,,,,,,,,,,,,,,,,,,,,,,,,,
CF33,Bridgend,,,"Pyle, Bridgend","North Cornelly, Bridgend","South Cornelly, Bridgend","Kenfig, Bridgend","Kenfig Hill, Bridgend","Maudlam, Bridgend",,,,,,,,,,,,,,,,,,,,,,,,,,,,,,,,,,,,,,,
CF31,Bridgend,,,"Bridgend, Bridgend",,,,,,,,,,,,,,,,,,,,,,,,,,,,,,,,,,,,,,,,,,,,
Ogmore,Vale of Glamorgan,,,"Ogmore, Vale of Glamorgan","Ogmore-by-Sea, Vale of Glamorgan","Southerndown, Vale of Glamorgan","St Brides Major, Vale of Glamorgan","Treoes, Vale of Glamorgan","Ewenny, Vale of Glamorgan","Corntown, Vale of Glamorgan","Llangan, Vale of Glamorgan","Hernstone, Vale of Glamorgan",,,,,,,,,,,,,,,,,,,,,,,,,,,,,,,,,,,,
CF32 Bridgend,Bridgend,,,"Cefn Cribwr, Bridgend","Laleston, Bridgend","Merthyr Mawr, Bridgend","Ogmore Vale, Bridgend","Tondu, Bridgend","Sarn, Bridgend","Ynysawdre, Bridgend","St Bride's Minor, Bridgend","Pontycymer, Bridgend","Llangeinor, Bridgend","Garw Valley, Bridgend","Blaengarw, Bridgend","Bettws, Bridgend","Aberkenfig, Bridgend","Bryncoch, Bridgend","Brynmenyn, Bridgend","Bryncethin, Bridgend","Pantyrawel, Bridgend","Lewistown, Bridgend","Pont-y-rhyl, Bridgend","Nant-y-moel, Bridgend","Wyndham, Bridgend","Coytrahen, Bridgend",,,,,,,,,,,,,,,,,,,,,,
CF35 Bridgend,Bridgend,,,"Pencoed, Bridgend","Hendre, Bridgend","Heol-y-Cyw, Bridgend","Blackmill, Bridgend","Glynogwr, Bridgend","Evanstown, Bridgend",,,,,,,,,,,,,,,,,,,,,,,,,,,,,,,,,,,,,,,
CF36,Bridgend,,,"Porthcawl, Bridgend","Nottage, Bridgend","Newton, Bridgend",,,,,,,,,,,,,,,,,,,,,,,,,,,,,,,,,,,,,,,,,,
CF5 ,Vale of Glamorgan,,,"Bonvilston, Vale of Glamorgan","Peterston-super-Ely, Vale of Glamorgan","St Nicholas, Vale of Glamorgan","St Lythans, Vale of Glamorgan","Wenvoe, Vale of Glamorgan","St Bride's-super-Ely, Vale of Glamorgan",,,,,,,,,,,,,,,,,,,,,,,,,,,,,,,,,,,,,,,
CF15,Cardiff,,,"St Fagans, Cardiff","Rhydlafar, Cardiff","Capel Llanilltern, Cardiff","Creigiau, Cardiff","Pentyrch, Cardiff","Gwaelod-y-Garth, Cardiff",,,,,,,,,,,,,,,,,,,,,,,,,,,,,,,,,,,,,,,
LD3,Powys,,,"Brecon, Powys","Talgarth, Powys","Battle, Powys","Boughrood, Powys","Bronllys, Powys","Bwlch, Powys","Defynnog, Powys","Felinfach, Powys","Llanddew, Powys","	Llanfilo, Powys","Llanfrynach, Powys","Llangorse, Powys","Llanspyddid, Powys","Llyswen, Powys","	Lower Chapel, Powys","Pencelli, Powys","Pwllgloyw, Powys","Scethrog, Powys","Sennybridge, Powys","Talybont-on-Usk, Powys","Talyllyn, Powys","Three Cocks, Powys","Trallong, Powys","Trecastle, Powys","Velindre, Powys","Pontneddfechan, Powys",,,,,,,,,,,,,,,,,,,
HR3,Powys,,,"	Hay-on-Wye, Powys","Bronydd, Powys","	Clyro, Powys","Glasbury, Powys","Llanigon, Powys","Llowes, Powys","Rhydspence, Powys",,,,,,,,,,,,,,,,,,,,,,,,,,,,,,,,,,,,,,
LD2,Powys,,,"Builth Wells, Powys","	Aberedw, Powys","Alltmawr, Powys","Builth Road, Powys","Cilmeri, Powys","Crickadarn, Powys","Cwmbach, Powys","Erwood, Powys","Gwenddwr, Powys","Llanafan-fawr, Powys","Llanbadarn-y-garreg, Powys","Llandeilo Graban, Powys","Llanelwedd, Powys","Llanfaredd, Powys","Maesmynis, Powys","Painscastle, Powys","Pentre-llwyn-llwyd, Powys","Rhosgoch, Powys",,,,,,,,,,,,,,,,,,,,,,,,,,,
LD4,Powys,,,"Llangammarch Wells, Powys","Cefn-gorwydd, Powys","	Garth, Powys","	Tirabad, Powys",,,,,,,,,,,,,,,,,,,,,,,,,,,,,,,,,,,,,,,,,
LD5,Powys,,,"Llanwrtyd Wells, Powys","Llanwrtyd, Powys","Abergwesyn, Powys","Beulah, Powys","Cwm Irfon, Powys",,,,,,,,,,,,,,,,,,,,,,,,,,,,,,,,,,,,,,,,
LD6,Powys,,,"Rhayader, Powys","	Bwlch-y-sarnau, Powys","Gaufron, Powys","Llansantffraed-cwmdeuddwr, Powys","Pant-y-dwr, Powys","St Harmon, Powys","Elan Village, Powys",,,,,,,,,,,,,,,,,,,,,,,,,,,,,,,,,,,,,,
LD1,Powys,,,"Llandrindod Wells, Powys","Abbeycwmhir, Powys","Cregrina, Powys","Crossgates, Powys","Crossway, Powys","Dolau, Powys","Fron, Powys","Glascwm, Powys","Gwystre, Powys","Howey, Powys","Hundred House, Powys","Llanbadarn Fynydd, Powys","Llanbister, Powys","Llanddewi Ystradenni, Powys","Llandegley, Powys","Llanfihangel Rhydithon, Powys","Llanwrthwl, Powys","Llanyre, Powys","Nant-glas, Powys","Nantmel, Powys","Penybont, Powys",,,,,,,,,,,,,,,,,,,,,,,,
HR5,Powys,,,"Newchurch, Powys","	Bryngwyn, Powys","Colva, Powys","Gladestry, Powys","Hengoed, Powys","Michaelchurch-on-Arrow, Powys",,,,,,,,,,,,,,,,,,,,,,,,,,,,,,,,,,,,,,,
LD7,Powys,,,"Knighton, Powys","Beguildy, Powys","Bleddfa, Powys","Dutlas, Powys","Felindre, Powys","Knucklas, Powys","Llanfair Waterdine, Powys","Llangunllo, Powys","Lloyney, Powys","Milebrook, Powys","Panpunton, Powys","Pilleth, Powys","Rhos-y-meirch, Powys","Whitton, Powys","Monaughty, Powys",,,,,,,,,,,,,,,,,,,,,,,,,,,,,,
LD8,Powys,,,"Presteigne, Powys","Burlingjobb, Powys","Cascob, Powys","Discoed, Powys","Dolyhir, Powys","Evenjobb, Powys","Kinnerton, Powys","Llanfihangel-nant-Melan, Powys","New Radnor, Powys","Norton, Powys","Old Radnor, Powys","Walton, Powys","Yardro, Powys",,,,,,,,,,,,,,,,,,,,,,,,,,,,,,,,
SY16,Powys,,,"Newtown, Powys","Adfa, Powys","Bettws Cedewain, Powys","Bwlch-y-ffridd, Powys","Dolfor, Powys","Glanmule, Powys","Kerry, Powys","Llanllwchaiarn, Powys","Llanwyddelan, Powys","Mochdre, Powys","New Mills, Powys","Rhydlydan, Powys","Sarn, Powys","Tregynon, Powys",,,,,,,,,,,,,,,,,,,,,,,,,,,,,,,
SY15,Powys,,,"Montgomery, Powys","Abermule, Powys","Church Stoke, Powys","Hyssington, Powys","Llandyssil, Powys","Old Church Stoke, Powys","Caerhowel, Powys","Garthmyl, Powys","Llanmerewig, Powys",,,,,,,,,,,,,,,,,,,,,,,,,,,,,,,,,,,,
SY17,Powys,,,"	Caersws, Powys","Carno, Powys","Clatter, Powys","Llandinam, Powys","Llanwnog, Powys","Llawryglyn, Powys","Trefeglwys, Powys","Plas Llysyn, Powys","Pontdolgoch, Powys",,,,,,,,,,,,,,,,,,,,,,,,,,,,,,,,,,,,
SY18,Powys,,,"Llanidloes, Powys","Llangurig, Powys","Van, Powys","Tylwch, Powys","Cwmbelan, Powys","Dolfach (near Llanidloes), Powys",,,,,,,,,,,,,,,,,,,,,,,,,,,,,,,,,,,,,,,
SY19,Powys,,,"Llanbrynmair, Powys","Llan, Powys","Bont Dolgadfan, Powys","Dolfach (near Llanbrynmair), Powys","Talerddig, Powys","Staylittle, Powys","Pennant, Powys","Dylife, Powys",,,,,,,,,,,,,,,,,,,,,,,,,,,,,,,,,,,,,
SY21,Powys,,,"Welshpool, Powys","Brooks, Powys","Buttington, Powys","Castle Caereinion, Powys","Dolanog, Powys","Foel, Powys","Forden, Powys","Groes-lwyd, Powys","Heniarth, Powys","Kingswood, Powys","Leighton, Powys","Llanerfyl, Powys","Llanfair Caereinion, Powys","Llangadfan, Powys","Manafon, Powys","Middletown, Powys","Pant-y-ffridd, Powys","Pool Quay, Powys","Trelystan, Powys","Trewern, Powys","Garreg Bank, Powys","Guilsfield, Powys","Cilcewydd, Powys",,,,,,,,,,,,,,,,,,,,,,
SY20 (Ceredigion),Ceredigion,,,"Eglwys Fach, Ceredigion","Furnace, Ceredigion","Taliesin, Ceredigion","Tre'r-ddôl, Ceredigion",,,,,,,,,,,,,,,,,,,,,,,,,,,,,,,,,,,,,,,,,
SY20 (Gwynedd),Gwynedd,,,"Aber-Cywarch, Gwynedd","Corris, Gwynedd","Corris Uchaf, Gwynedd","Cwm-Cewydd, Gwynedd","Cwrt, Gwynedd","Dinas-Mawddwy, Gwynedd","Esgairgeiliog, Gwynedd","Llanymawddwy, Gwynedd","Mallwyd, Gwynedd","Minllyn, Gwynedd","Pantperthog, Gwynedd","Pennal, Gwynedd","Aberangell, Gwynedd",,,,,,,,,,,,,,,,,,,,,,,,,,,,,,,,
SY20 (Powys),Powys,,,"Machynlleth, Powys","Abercegir, Powys","Aberhosan, Powys","Aberllefenni, Powys","Cemmaes, Powys","Commins Coch, Powys","Cwm-Llinau, Powys","Darowen, Powys","Derwenlas, Powys","Llanwrin, Powys","Penegoes, Powys","Tal-y-Wern, Powys","Glaspwll, Powys",,,,,,,,,,,,,,,,,,,,,,,,,,,,,,,,
SY24,Ceredigion,,,"Borth, Ceredigion","Bow Street, Ceredigion","Llandre, Ceredigion","Pen-y-garn, Ceredigion","Upper Borth, Ceredigion","Ynyslas, Ceredigion","Talybont, Ceredigion","Bont-goch, Ceredigion",,,,,,,,,,,,,,,,,,,,,,,,,,,,,,,,,,,,,
SY22,Powys,,,"Bwlch-y-cibau, Powys","Four Crosses, Powys","Llandrinio, Powys","Llanfechain, Powys","Llanfihangel-yng-Ngwynfa, Powys","Llanfyllin, Powys","Llansantffraid-ym-Mechain, Powys","Llanymynech, Powys","Meifod, Powys","Pontrobert, Powys","Sarnau, Powys",,,,,,,,,,,,,,,,,,,,,,,,,,,,,,,,,,
SY23,Ceredigion,,,"Aberystwyth, Ceredigion","Aberffrwd, Ceredigion","Bethania, Ceredigion","Blaenpennal, Ceredigion","Blaenplwyf, Ceredigion","Bronant, Ceredigion","Capel Bangor, Ceredigion","Capel Dewi (near Aberystwyth), Ceredigion","Cnwch Coch, Ceredigion","Cross Inn (near Llannon), Ceredigion","Cwmbrwyno, Ceredigion","Cwmystwyth, Ceredigion","Goginan, Ceredigion","Y Gors, Ceredigion","Llanafan, Ceredigion","Llanbadarn Fawr, Ceredigion","Llanddeiniol, Ceredigion","Llanfarian, Ceredigion","Llanfihangel-y-Creuddyn, Ceredigion","Llangorwen, Ceredigion","Llangwyryfon, Ceredigion","Llanilar, Ceredigion","Llanrhystud, Ceredigion","Lledrod, Ceredigion","Nebo, Ceredigion","Old Goginan, Ceredigion","Pennant, Ceredigion","Penparcau, Ceredigion","Penrhyn-coch, Ceredigion","Ponterwyd, Ceredigion","Rhyd-Rosser, Ceredigion","Rhydyfelin, Ceredigion","Salem, Ceredigion","Trefenter, Ceredigion","Waun Fawr, Ceredigion","Ysbyty Cynfyn, Ceredigion","Glennydd, Ceredigion","Tyncelyn, Ceredigion","Llansantffraid, Ceredigion","Llanon, Ceredigion","Abermagwr, Ceredigion","Capel Seion, Ceredigion","Pontarfynach, Ceredigion","Llywernog, Ceredigion","Clarach, Ceredigion"
SY25,Ceredigion,,,"Tregaron, Ceredigion","Ystrad Meurig, Ceredigion","Capel Betws Lleucu, Ceredigion","Ffair-Rhos, Ceredigion","Llanddewi-Brefi, Ceredigion","Llangeitho, Ceredigion","Pont-rhyd-y-groes, Ceredigion","Pontrhydfendigaid, Ceredigion","Swyddffynnon, Ceredigion","Ysbyty Ystwyth, Ceredigion","Llwyn-y-groes, Ceredigion","Llettum-ddu, Ceredigion",,,,,,,,,,,,,,,,,,,,,,,,,,,,,,,,,
SY10,Powys,,,"Hirnant, Powys","Abertridwr, Powys","Llangedwyn, Powys","Llangynog, Powys","Llanrhaeadr-ym-Mochnant, Powys","Llansilin, Powys","Llanwddyn, Powys","Moelfre, Powys","Pencraig, Powys",,,,,,,,,,,,,,,,,,,,,,,,,,,,,,,,,,,,
LL35,Gwynedd,,,"Aberdyfi, Gwynedd",,,,,,,,,,,,,,,,,,,,,,,,,,,,,,,,,,,,,,,,,,,,
LL36,Gwynedd,,,"Abergynolwyn, Gwynedd","Llanfihangel-y-pennant (near Tywyn), Gwynedd","Llanegryn, Gwynedd","Dolgoch, Gwynedd","Bryncrug, Gwynedd","Rhoslefain, Gwynedd","Rhydyronen, Gwynedd","Tal-y-llyn, Gwynedd","Tywyn, Gwynedd",,,,,,,,,,,,,,,,,,,,,,,,,,,,,,,,,,,,
LL37,Gwynedd,,,"Llwyngwril, Gwynedd",,,,,,,,,,,,,,,,,,,,,,,,,,,,,,,,,,,,,,,,,,,,
LL38,Gwynedd,,,"Fairbourne, Gwynedd","Friog, Gwynedd",,,,,,,,,,,,,,,,,,,,,,,,,,,,,,,,,,,,,,,,,,,
LL39,Gwynedd,,,"Arthog, Gwynedd",,,,,,,,,,,,,,,,,,,,,,,,,,,,,,,,,,,,,,,,,,,,
LL40,Gwynedd,,,"Dolgellau, Gwynedd","Bontddu, Gwynedd","Brithdir, Gwynedd","Ganllwyd, Gwynedd","Llanelltyd, Gwynedd","Llanfachreth, Gwynedd","Pen-y-bryn, Gwynedd","Penmaenpool, Gwynedd","Rhydymain, Gwynedd",,,,,,,,,,,,,,,,,,,,,,,,,,,,,,,,,,,,
LL41,Gwynedd,,,"Blaenau Ffestiniog, Gwynedd","Bethania, Gwynedd","Bronaber, Gwynedd","Ffestiniog, Gwynedd","Gellilydan, Gwynedd","Maentwrog, Gwynedd","Tanygrisiau, Gwynedd","Trawsfynydd, Gwynedd",,,,,,,,,,,,,,,,,,,,,,,,,,,,,,,,,,,,,
LL42,Gwynedd,,,"Barmouth, Gwynedd","Caerdeon, Gwynedd","Cutiau, Gwynedd","Llanaber, Gwynedd",,,,,,,,,,,,,,,,,,,,,,,,,,,,,,,,,,,,,,,,,
Talybont,Gwynedd,,,"Talybont (near Barmouth), Gwynedd","Coed Ystumgwern, Gwynedd","Dyffryn Ardudwy, Gwynedd","Llanddwywe, Gwynedd","Llanenddwyn, Gwynedd",,,,,,,,,,,,,,,,,,,,,,,,,,,,,,,,,,,,,,,,
LL45,Gwynedd,,,"Llanbedr, Gwynedd","Pentre Gwynfryn, Gwynedd",,,,,,,,,,,,,,,,,,,,,,,,,,,,,,,,,,,,,,,,,,,
LL46,Gwynedd,,,"Harlech, Gwynedd","Llanfair, Gwynedd","Llandanwg, Gwynedd",,,,,,,,,,,,,,,,,,,,,,,,,,,,,,,,,,,,,,,,,,
LL47,Gwynedd,,,"Talsarnau, Gwynedd","Eisingrug, Gwynedd","Soar, Gwynedd","Llandecwyn, Gwynedd",,,,,,,,,,,,,,,,,,,,,,,,,,,,,,,,,,,,,,,,,
LL48,Gwynedd,,,"Penrhyndeudraeth, Gwynedd","Croesor, Gwynedd","Garreg, Gwynedd","Llanfrothen, Gwynedd","Minffordd (near Porthmadog), Gwynedd","Portmeirion, Gwynedd","Rhyd, Gwynedd","Tan-lan, Gwynedd",,,,,,,,,,,,,,,,,,,,,,,,,,,,,,,,,,,,,
LL49,Gwynedd,,,"Porthmadog, Gwynedd","Borth-y-Gest, Gwynedd","Morfa Bychan, Gwynedd","Penmorfa, Gwynedd","Prenteg, Gwynedd","Tremadog, Gwynedd",,,,,,,,,,,,,,,,,,,,,,,,,,,,,,,,,,,,,,,
LL51,Gwynedd,,,"Garndolbenmaen, Gwynedd","Golan, Gwynedd","Bryncir, Gwynedd",,,,,,,,,,,,,,,,,,,,,,,,,,,,,,,,,,,,,,,,,,
LL52,Gwynedd,,,"Criccieth, Gwynedd","Rhoslan, Gwynedd","Llanystumdwy, Gwynedd","Pentrefelin, Gwynedd",,,,,,,,,,,,,,,,,,,,,,,,,,,,,,,,,,,,,,,,,
LL53,Gwynedd,,,"Pwllheli, Gwynedd","Aberdaron, Gwynedd","Abererch, Gwynedd","Abersoch, Gwynedd","Anelog, Gwynedd","Boduan, Gwynedd","Botwnnog, Gwynedd","Bryncroes, Gwynedd","Bwlchtocyn, Gwynedd","Chwilog, Gwynedd","Edern, Gwynedd","Efailnewydd, Gwynedd","Fron, Gwynedd","Groesffordd, Gwynedd","Llanarmon, Gwynedd","Llanbedrog, Gwynedd","Llanengan, Gwynedd","Llangian, Gwynedd","Llangwnnadl, Gwynedd","Llangybi, Gwynedd","Llaniestyn, Gwynedd","Llannor, Gwynedd","Llithfaen, Gwynedd","Llwyndyrys, Gwynedd","Morfa Nefyn, Gwynedd","Mynytho, Gwynedd","Nefyn, Gwynedd","Pencaenewydd, Gwynedd","Penllech, Gwynedd","Penrhos, Gwynedd","Pistyll, Gwynedd","Bardsey Island, Gwynedd","Rhiw, Gwynedd","Rhos-fawr, Gwynedd","Rhoshirwaun, Gwynedd","Rhyd-y-clafdy, Gwynedd","Tudweiliog, Gwynedd","Y Ffôr, Gwynedd",,,,,,,
LL54,Gwynedd,,,"Aberdesach, Gwynedd","Betws Garmon, Gwynedd","Clynnog-fawr, Gwynedd","Carmel, Gwynedd","Dinas, Gwynedd","Dinas Dinlle, Gwynedd","Groeslon, Gwynedd","Llanaelhaearn, Gwynedd","Llandwrog, Gwynedd","Llanfaglan, Gwynedd","Llanllyfni, Gwynedd","Llanwnda, Gwynedd","Nasareth, Gwynedd","Nebo, Gwynedd","Penygroes, Gwynedd","Pontllyfni, Gwynedd","Rhosgadfan, Gwynedd","Rhostryfan, Gwynedd","Saron, Gwynedd","Talysarn, Gwynedd","Trefor, Gwynedd","Rhyd-Ddu, Gwynedd","Salem, Gwynedd","Penyffridd, Gwynedd",,,,,,,,,,,,,,,,,,,,,
LL55,Gwynedd,,,"Caernarfon, Gwynedd","Bethel, Gwynedd","Bontnewydd, Gwynedd","Caeathro, Gwynedd","Brynrefail, Gwynedd","Clwt-y-Bont, Gwynedd","Deiniolen, Gwynedd","Penisarwaun, Gwynedd","Beddgelert, Gwynedd","Ceunant, Gwynedd","Cwm-y-glo, Gwynedd","Llanberis, Gwynedd","Llanrug, Gwynedd","Nant Gwynant, Gwynedd","Nant Peris, Gwynedd","Waunfawr, Gwynedd","Dinorwig, Gwynedd","Fachwen, Gwynedd","Nantmor, Gwynedd","Seion, Gwynedd",,,,,,,,,,,,,,,,,,,,,,,,,
LL56,Gwynedd,,,"Y Felinheli, Gwynedd",,,,,,,,,,,,,,,,,,,,,,,,,,,,,,,,,,,,,,,,,,,,
LL57,Gwynedd,,,"Bangor, Gwynedd","Rhiwlas (near Bangor), Gwynedd","Talybont (near Bangor), Gwynedd","Bethesda, Gwynedd","Braichmelyn, Gwynedd","Garth, Gwynedd","Gerlan, Gwynedd","Glan Adda, Gwynedd","Glasinfryn, Gwynedd","Llanllechid, Gwynedd","Penrhos-garnedd, Gwynedd","Pentir, Gwynedd","Rachub, Gwynedd","Waen-wen, Gwynedd","Minffordd (near Bangor), Gwynedd","Llandygai, Gwynedd","Maesgeirchen, Gwynedd","Tregarth, Gwynedd","Mynydd Llandygai, Gwynedd",,,,,,,,,,,,,,,,,,,,,,,,,,
LL34,Conwy,,,"Penmaenmawr, Conwy","Dwygyfylchi, Conwy","Capelulo, Conwy",,,,,,,,,,,,,,,,,,,,,,,,,,,,,,,,,,,,,,,,,,
LL33 (Gwynedd),Gwynedd,,,"Abergwyngregyn, Gwynedd","Gorddinog, Gwynedd",,,,,,,,,,,,,,,,,,,,,,,,,,,,,,,,,,,,,,,,,,,
LL33 (Conwy),Conwy,,,"Llanfairfechan, Conwy",,,,,,,,,,,,,,,,,,,,,,,,,,,,,,,,,,,,,,,,,,,,
LL32,Conwy,,,"Conwy, Conwy","Dolgarrog, Conwy","Gyffin, Conwy","Henryd, Conwy","Llanbedr-y-cennin, Conwy","Rowen, Conwy","Talybont, Conwy",,,,,,,,,,,,,,,,,,,,,,,,,,,,,,,,,,,,,,
LL31,Conwy,,,"Llandudno Junction, Conwy","Deganwy, Conwy","Glanwydden, Conwy","Llanrhos, Conwy","Bryn Pydew, Conwy",,,,,,,,,,,,,,,,,,,,,,,,,,,,,,,,,,,,,,,,
LL30,Conwy,,,"Llandudno, Conwy","Gogarth, Conwy","Penrhyn-side, Conwy","Penrhyn Bay, Conwy",,,,,,,,,,,,,,,,,,,,,,,,,,,,,,,,,,,,,,,,,
LL28,Conwy,,,"Llansanffraid Glan Conwy, Conwy","Bryn-y-maen, Conwy","Eglwysbach, Conwy","Graig, Conwy","Pentrefelin, Conwy","Tal-y-cafn, Conwy",,,,,,,,,,,,,,,,,,,,,,,,,,,,,,,,,,,,,,,
Colwyn Bay,Conwy,,,"Colwyn Bay, Conwy","Rhos-on-Sea, Conwy","Mochdre, Conwy","Old Colwyn, Conwy","Llysfaen, Conwy","Llanelian, Conwy",,,,,,,,,,,,,,,,,,,,,,,,,,,,,,,,,,,,,,,
LL27,Conwy,,,"Trefriw, Conwy",,,,,,,,,,,,,,,,,,,,,,,,,,,,,,,,,,,,,,,,,,,,
LL26,Conwy,,,"Llanrwst, Conwy","Capel Garmon, Conwy","Llanddoged, Conwy","Melin-y-coed, Conwy","Nebo, Conwy",,,,,,,,,,,,,,,,,,,,,,,,,,,,,,,,,,,,,,,,
LL25,Conwy,,,"Dolwyddelan, Conwy","Blaenau Dolwyddelan, Conwy","Pont-y-pant, Conwy",,,,,,,,,,,,,,,,,,,,,,,,,,,,,,,,,,,,,,,,,,
LL24,Conwy,,,"Betws-y-Coed, Conwy","Capel Curig, Conwy","Cwm Penmachno, Conwy","Penmachno, Conwy","Pentrefoelas, Conwy","Rhydlydan, Conwy","Ysbyty Ifan, Conwy",,,,,,,,,,,,,,,,,,,,,,,,,,,,,,,,,,,,,,
LL23,Gwynedd,,,"Bala, Gwynedd","Cefn-ddwysarn, Gwynedd","Llandderfel, Gwynedd","Llanfor, Gwynedd","Llanuwchllyn, Gwynedd","Llanycil, Gwynedd","Parc, Gwynedd","Rhos-y-gwaliau, Gwynedd","Sarnau, Gwynedd","Fron-goch, Gwynedd","Glan-yr-afon, Gwynedd",,,,,,,,,,,,,,,,,,,,,,,,,,,,,,,,,,
LL22,Conwy,,,"Betws-yn-Rhos, Conwy","Gwytherin, Conwy","Llanddulas, Conwy","Llanfair Talhaiarn, Conwy","Llangernyw, Conwy","Pandy Tudur, Conwy","Pentre Isaf, Conwy","Rhyd-y-foel, Conwy",,,,,,,,,,,,,,,,,,,,,,,,,,,,,,,,,,,,,
"Abergele, Towyn & Kinmel Bay",Conwy,,,"Abergele, Conwy","Towyn, Conwy","Pensarn, Conwy","St George, Conwy","Moelfre, Conwy","Kimnel Bay, Conwy",,,,,,,,,,,,,,,,,,,,,,,,,,,,,,,,,,,,,,,
LL21 (Conwy),Conwy,,,"Cerrigydrudion, Conwy","Carrog, Conwy","Glasfryn, Conwy","Llanfihangel Glyn Myfyr, Conwy","Llangwm, Conwy","Maerdy, Conwy","Ty-nant, Conwy","Pentre-llyn-cymmer, Conwy",,,,,,,,,,,,,,,,,,,,,,,,,,,,,,,,,,,,,
LL21 (Denbighshire),Denbighshire,,,"Corwen, Denbighshire","Bettws Gwerfil Goch, Denbighshire","Bryneglwys, Denbighshire","Carrog, Denbighshire","Clawdd Poncen, Denbighshire","Cynwyd, Denbighshire","Derwen, Denbighshire","Druid, Denbighshire","Glyndyfrdwy, Denbighshire","Gwyddelwern, Denbighshire","Llandrillo, Denbighshire","Llidiart-y-Parc, Denbighshire","Pandy'r Capel, Denbighshire",,,,,,,,,,,,,,,,,,,,,,,,,,,,,,,,
LL20 (Denbighshire),Denbighshire,,,"Llangollen, Denbighshire","Garth, Denbighshire","Pentredwr, Denbighshire","Rhewl (near Llangollen), Denbighshire",,,,,,,,,,,,,,,,,,,,,,,,,,,,,,,,,,,,,,,,,
LL20 (Wrexham),Wrexham,,,"Dolywern, Wrexham","Froncysyllte, Wrexham","Glyn Ceiriog, Wrexham","Llanarmon Dyffryn Ceiriog, Wrexham","Pandy (near Llangollen), Wrexham","Tregeiriog, Wrexham","Pontfadog, Wrexham","Trevor, Wrexham",,,,,,,,,,,,,,,,,,,,,,,,,,,,,,,,,,,,,
LL19,Denbighshire,,,"Prestatyn, Denbighshire","Meliden, Denbighshire","Bryniau, Denbighshire","Tan-yr-allt, Denbighshire",,,,,,,,,,,,,,,,,,,,,,,,,,,,,,,,,,,,,,,,,
LL18,Denbighshire,,,"Rhyl, Denbighshire","Bodelwyddan, Denbighshire","Cwm, Denbighshire","Dyserth, Denbighshire","Rhuddlan, Denbighshire",,,,,,,,,,,,,,,,,,,,,,,,,,,,,,,,,,,,,,,,
LL17,Denbighshire,,,"St Asaph, Denbighshire","Groesffordd Marli, Denbighshire","Graig, Denbighshire","Rhuallt, Denbighshire","Tremeirchion, Denbighshire",,,,,,,,,,,,,,,,,,,,,,,,,,,,,,,,,,,,,,,,
LL16 (Conwy),Conwy,,,"Bylchau, Conwy","Groes, Conwy","Llannefydd, Conwy","Llansannan, Conwy","Tan-y-fron, Conwy",,,,,,,,,,,,,,,,,,,,,,,,,,,,,,,,,,,,,,,,
LL16 (Denbighshire),Denbighshire,,,"Denbigh, Denbighshire","Bodfari, Denbighshire","Ffordd-las, Denbighshire","Henllan, Denbighshire","Llandyrnog, Denbighshire","Llangwyfan, Denbighshire","Llangynhafal, Denbighshire","Pentre Llanrhaeadr, Denbighshire","Llanynys, Denbighshire","Pant-pastynog, Denbighshire","Trefnant, Denbighshire",,,,,,,,,,,,,,,,,,,,,,,,,,,,,,,,,,
LL15,Denbighshire,,,"Ruthin, Denbighshire","Bontuchel, Denbighshire","Clawddnewydd, Denbighshire","Clocaenog, Denbighshire","Cyffylliog, Denbighshire","Efenechtyd, Denbighshire","Gellifor, Denbighshire","Graig-fechan, Denbighshire","Hirwaen, Denbighshire","Llanbedr Dyffryn Clwyd, Denbighshire","Llanelidan, Denbighshire","Llanfwrog, Denbighshire","Pentrecelyn, Denbighshire","Rhewl, Denbighshire","Pwll-glas, Denbighshire","Cefn Coch, Denbighshire","Rhôs, Denbighshire",,,,,,,,,,,,,,,,,,,,,,,,,,,,
LL14,Wrexham,,,"Acrefair, Wrexham","Bersham, Wrexham","Cefn-mawr, Wrexham","Halton, Wrexham","Johnstown, Wrexham","Newbridge, Wrexham","Pant, Wrexham","Pentre, Wrexham","Penycae, Wrexham","Ponciau, Wrexham","Rhosllanerchrugog, Wrexham","Rhostyllen, Wrexham","Stryt-issa, Wrexham","Talwrn, Wrexham","Chirk, Wrexham","Rhosymadoc, Wrexham","Ruabon, Wrexham","Pentrebychan, Wrexham",,,,,,,,,,,,,,,,,,,,,,,,,,,
SY13,Wrexham,,,"Arowry, Wrexham","Bettisfield, Wrexham","Bronington, Wrexham","Eglwys Cross, Wrexham","Hanmer, Wrexham","The Chequer, Wrexham","Higher Wych, Wrexham","Tallarn Green, Wrexham","Threapwood, Wrexham","Redbrook, Wrexham","Redbrook Maelor, Wrexham","Sarn, Wrexham","Horseman's Green, Wrexham",,,,,,,,,,,,,,,,,,,,,,,,,,,,,,,,
LL13,Wrexham,,,"Erbistock, Wrexham","Holt, Wrexham","Lightwood Green, Wrexham","Llan-y-pwll, Wrexham","Marchwiel, Wrexham","Penley, Wrexham","Pentre Maelor, Wrexham","Worthenbury, Wrexham","Overton, Wrexham","Bangor-on-Dee, Wrexham","Cross Lanes, Wrexham",,,,,,,,,,,,,,,,,,,,,,,,,,,,,,,,,,
LL12 (Flintshire),Flintshire,,,"Caergwrle, Flintshire","Hope, Flintshire","Cefn-y-bedd, Flintshire",,,,,,,,,,,,,,,,,,,,,,,,,,,,,,,,,,,,,,,,,,
LL12 (Wrexham),Wrexham,,,"Burton Green, Wrexham","Gresford, Wrexham","Lavister, Wrexham","Llay, Wrexham","Marford, Wrexham","Rossett, Wrexham","Trevalyn, Wrexham","Abermorddu, Wrexham",,,,,,,,,,,,,,,,,,,,,,,,,,,,,,,,,,,,,
LL11 (Denbighshire),Denbighshire,,,"Llandegla, Denbighshire","Pen-y-stryt, Denbighshire",,,,,,,,,,,,,,,,,,,,,,,,,,,,,,,,,,,,,,,,,,,
LL11 (Flintshire),Flintshire,,,"Llanfynydd, Flintshire","Cymau, Flintshire",,,,,,,,,,,,,,,,,,,,,,,,,,,,,,,,,,,,,,,,,,,
LL11 (Wrexham),Wrexham,,,"Bradley, Wrexham","Brymbo, Wrexham","Brynteg, Wrexham","Bwlchgwyn, Wrexham","Coedpoeth, Wrexham","Ffrith, Wrexham","Gwersyllt, Wrexham","Gwynfryn, Wrexham","Minera, Wrexham","Moss, Wrexham","New Broughton, Wrexham","Southsea, Wrexham","Summerhill, Wrexham","Tanyfron, Wrexham","Pentre Broughton, Wrexham",,,,,,,,,,,,,,,,,,,,,,,,,,,,,,
Wrexham North,Wrexham,,,"Acton, Wrexham","Borras Park, Wrexham","Garden Village, Wrexham","Rhosrobin, Wrexham","Pandy (near Wrexham), Wrexham",,,,,,,,,,,,,,,,,,,,,,,,,,,,,,,,,,,,,,,,
Wrexham West,Wrexham,,,"Coed-y-Glyn, Wrexham","Offa, Wrexham","Rhosddu, Wrexham","Stansty, Wrexham","Wrexham City Centre, Wrexham",,,,,,,,,,,,,,,,,,,,,,,,,,,,,,,,,,,,,,,,
Wrexham East,Wrexham,,,"Hightown, Wrexham","Caia Park, Wrexham","Rhosnesni, Wrexham",,,,,,,,,,,,,,,,,,,,,,,,,,,,,,,,,,,,,,,,,,
CH8,Flintshire,,,"Holywell, Flintshire","Gronant, Flintshire","Gwaenysgor, Flintshire","Trelawnyd, Flintshire","Bryn Celyn, Flintshire","Brynford, Flintshire","Carmel, Flintshire","Ffynnongroyw, Flintshire","Mostyn, Flintshire","Pentre Halkyn, Flintshire","Rhes-y-Cae, Flintshire","Talacre, Flintshire","Trelogan, Flintshire","Walwen, Flintshire","Lixwm, Flintshire","Ysceifiog, Flintshire","Gwespyr, Flintshire","Pen-y-ffordd, Flintshire","Whitford, Flintshire","Greenfield, Flintshire","Glan-y-don, Flintshire","Gorsedd, Flintshire","Llanasa, Flintshire",,,,,,,,,,,,,,,,,,,,,,
CH4,Flintshire,,,"Saltney, Flintshire","Bretton, Flintshire","Broughton, Flintshire","Higher Kinnerton, Flintshire","Penyffordd, Flintshire","Penymynydd, Flintshire",,,,,,,,,,,,,,,,,,,,,,,,,,,,,,,,,,,,,,,
CH5,Flintshire,,,"Connah's Quay, Flintshire","Ewloe, Flintshire","Garden City, Flintshire","Mancot Royal, Flintshire","Queensferry, Flintshire","Sandycroft, Flintshire","Shotton, Flintshire","Wepre, Flintshire","Hawarden, Flintshire","Aston, Flintshire","Mancot, Flintshire","Dobshill, Flintshire",,,,,,,,,,,,,,,,,,,,,,,,,,,,,,,,,
CH6,Flintshire,,,"Flint, Flintshire","Flint Mountain, Flintshire","Oakenholt, Flintshire","Bagillt, Flintshire","Whelston, Flintshire",,,,,,,,,,,,,,,,,,,,,,,,,,,,,,,,,,,,,,,,
CH7 (Flintshire),Flintshire,,,"Mold, Flintshire","Afonwen, Flintshire","Buckley, Flintshire","Caerwys, Flintshire","Cilcain, Flintshire","Gwernymynydd, Flintshire","Nannerch, Flintshire","Nercwys, Flintshire","Northop Hall, Flintshire","Pontblyddyn, Flintshire","Rhosesmor, Flintshire","Rhydymwyn, Flintshire","Treuddyn, Flintshire","Pantymwyn, Flintshire","Gwernaffield, Flintshire","Coed Talon, Flintshire","Pontybodkin, Flintshire","Leeswood, Flintshire","Northop, Flintshire","Sychdyn, Flintshire","New Brighton, Flintshire","Mynydd-Isa, Flintshire","Bryn-y-baal, Flintshire",,,,,,,,,,,,,,,,,,,,,,
CH7 (Denbighshire),Denbighshire,,,"Eryrys, Denbighshire","Graianrhyd, Denbighshire","Llanarmon-yn-Iâl, Denbighshire","Llanferres, Denbighshire","Maeshafn, Denbighshire",,,,,,,,,,,,,,,,,,,,,,,,,,,,,,,,,,,,,,,,
SA73,Pembrokeshire,,,"Milford Haven, Pembrokeshire","Burton, Pembrokeshire","Herbrandston, Pembrokeshire","Llanstadwell, Pembrokeshire","Neyland, Pembrokeshire","Rosemarket, Pembrokeshire","Sardis, Pembrokeshire","Thornton, Pembrokeshire","Waterston, Pembrokeshire","Honeyborough, Pembrokeshire","Houghton, Pembrokeshire","Hill Mountain, Pembrokeshire","Newton Mountain, Pembrokeshire",,,,,,,,,,,,,,,,,,,,,,,,,,,,,,,,
SA72,Pembrokeshire,,,"Pembroke Dock, Pembrokeshire","Cosheston, Pembrokeshire",,,,,,,,,,,,,,,,,,,,,,,,,,,,,,,,,,,,,,,,,,,
SA71,Pembrokeshire,,,"Pembroke, Pembrokeshire","Angle, Pembrokeshire","Freshwater East, Pembrokeshire","Hundleton, Pembrokeshire","Lamphey, Pembrokeshire","Maidenwells, Pembrokeshire","St Twynnells, Pembrokeshire","Stackpole, Pembrokeshire",,,,,,,,,,,,,,,,,,,,,,,,,,,,,,,,,,,,,
SA70,Pembrokeshire,,,"Tenby, Pembrokeshire","Carew, Pembrokeshire","Jameston, Pembrokeshire","Lydstep, Pembrokeshire","Manorbier, Pembrokeshire","Milton, Pembrokeshire","New Hedges, Pembrokeshire","Redberth, Pembrokeshire","Sageston, Pembrokeshire","St Florence, Pembrokeshire","Penally, Pembrokeshire","East Williamston, Pembrokeshire","Caldey Island, Pembrokeshire",,,,,,,,,,,,,,,,,,,,,,,,,,,,,,,,
SA69,Pembrokeshire,,,"Saundersfoot, Pembrokeshire","Pentlepoir, Pembrokeshire",,,,,,,,,,,,,,,,,,,,,,,,,,,,,,,,,,,,,,,,,,,
SA68,Pembrokeshire,,,"Begelly, Pembrokeshire","Carew Newton, Pembrokeshire","Jeffreyston, Pembrokeshire","Kilgetty, Pembrokeshire","Lawrenny, Pembrokeshire","Reynalton, Pembrokeshire","West Williamston, Pembrokeshire","Broadmoor, Pembrokeshire","Cresselly, Pembrokeshire",,,,,,,,,,,,,,,,,,,,,,,,,,,,,,,,,,,,
SA67,Pembrokeshire,,,"Narberth, Pembrokeshire","Bethesda, Pembrokeshire","Cold Blow, Pembrokeshire","Lampeter Velfrey, Pembrokeshire","Landshipping, Pembrokeshire","Llanddewi Velfrey, Pembrokeshire","Llawhaden, Pembrokeshire","Ludchurch, Pembrokeshire","Martletwy, Pembrokeshire","Princes Gate, Pembrokeshire","Robeston Wathen, Pembrokeshire","Stepaside, Pembrokeshire","Templeton, Pembrokeshire","Amroth, Pembrokeshire","Tavernspite, Pembrokeshire",,,,,,,,,,,,,,,,,,,,,,,,,,,,,,
SA66,Pembrokeshire,,,"Llandissilio, Pembrokeshire","Llangolman, Pembrokeshire","Maenclochog, Pembrokeshire","Mynachlog-ddu, Pembrokeshire","Rosebush, Pembrokeshire","Penffordd, Pembrokeshire",,,,,,,,,,,,,,,,,,,,,,,,,,,,,,,,,,,,,,,
SA65,Pembrokeshire,,,"Fishguard, Pembrokeshire","Lower Town, Pembrokeshire","Scleddau, Pembrokeshire","Pontfaen, Pembrokeshire",,,,,,,,,,,,,,,,,,,,,,,,,,,,,,,,,,,,,,,,,
SA64,Pembrokeshire,,,"	Goodwick, Pembrokeshire","Dyffryn, Pembrokeshire","Llanwnda, Pembrokeshire","St Nicholas, Pembrokeshire",,,,,,,,,,,,,,,,,,,,,,,,,,,,,,,,,,,,,,,,,
SA63,Pembrokeshire,,,"Clarbeston, Pembrokeshire","Clarbeston Road, Pembrokeshire","Llys-y-frân, Pembrokeshire","New Moat, Pembrokeshire","Tufton, Pembrokeshire",,,,,,,,,,,,,,,,,,,,,,,,,,,,,,,,,,,,,,,,
SA62,Pembrokeshire,,,"St Davids, Pembrokeshire","Ambleston, Pembrokeshire","Broad Haven, Pembrokeshire","Broadway, Pembrokeshire","Camrose, Pembrokeshire","Crundale, Pembrokeshire","Dale, Pembrokeshire","Dreenhill, Pembrokeshire","Hayscastle Cross, Pembrokeshire","Hook, Pembrokeshire","Johnston, Pembrokeshire","Keeston, Pembrokeshire","Letterston, Pembrokeshire","Little Haven, Pembrokeshire","Little Newcastle, Pembrokeshire","Llangwm, Pembrokeshire","Llanrhian, Pembrokeshire","Lower Freystrop, Pembrokeshire","Marloes, Pembrokeshire","Mathry, Pembrokeshire","Newgale, Pembrokeshire","Nolton, Pembrokeshire","Pelcomb Cross, Pembrokeshire","Penycwm, Pembrokeshire","Portfield Gate, Pembrokeshire","Porthgain, Pembrokeshire","Poyston Cross, Pembrokeshire","Puncheston, Pembrokeshire","Roch, Pembrokeshire","Solva, Pembrokeshire","Spittal, Pembrokeshire","Tiers Cross, Pembrokeshire","Treffgarne, Pembrokeshire","Treffynnon, Pembrokeshire","Trefgarn Owen, Pembrokeshire","Uzmaston, Pembrokeshire","Wiston, Pembrokeshire","Wolfsdale, Pembrokeshire","Penparc, Pembrokeshire","Croesgoch, Pembrokeshire","Wolfscastle, Pembrokeshire","St Ishmaels, Pembrokeshire",,,
SA61,Pembrokeshire,,,"Haverfordwest, Pembrokeshire",,,,,,,,,,,,,,,,,,,,,,,,,,,,,,,,,,,,,,,,,,,,
SA48 (Ceredigion),Ceredigion,,,"Lampeter, Ceredigion","Cilcennin, Ceredigion","Cribyn, Ceredigion","Llanfair Clydogau, Ceredigion","Llangybi, Ceredigion","Mydroilyn, Ceredigion","Silian, Ceredigion","Talsarn, Ceredigion","Temple Bar, Ceredigion","Ystrad Aeron, Ceredigion","Ciliau Aeron, Pembrokeshire","Dihewyd, Pembrokeshire","Felinfach, Pembrokeshire","Llanwnnen, Pembrokeshire","Betws Bledrws, Pembrokeshire",,,,,,,,,,,,,,,,,,,,,,,,,,,,,,
SA48 (Carmarthenshire),Carmarthenshire,,,"Cwmann, Carmarthenshire",,,,,,,,,,,,,,,,,,,,,,,,,,,,,,,,,,,,,,,,,,,,
SA47,Ceredigion,,,"Llanarth, Ceredigion","Oakford, Ceredigion","Llaingarreglwyd, Ceredigion",,,,,,,,,,,,,,,,,,,,,,,,,,,,,,,,,,,,,,,,,,
SA46,Ceredigion,,,"Aberaeron, Ceredigion","Aberarth, Ceredigion","Ffos-y-ffin, Ceredigion","Llwyncelyn, Ceredigion",,,,,,,,,,,,,,,,,,,,,,,,,,,,,,,,,,,,,,,,,
SA45,Ceredigion,,,"New Quay, Ceredigion","Gilfachrheda, Ceredigion","Nanternis, Ceredigion","Maen-y-groes, Ceredigion",,,,,,,,,,,,,,,,,,,,,,,,,,,,,,,,,,,,,,,,,
SA44 (Ceredigion),Ceredigion,,,"Aberbanc, Ceredigion","Brynhoffnant, Ceredigion","Ffostrasol, Ceredigion","Horeb, Ceredigion","Llangrannog, Ceredigion","Penrhiw-llan, Ceredigion","Plwmp, Ceredigion","Rhydlewis, Ceredigion","Rhydowen, Ceredigion","Sarnau, Ceredigion","Synod Inn, Ceredigion","Talgarreg, Ceredigion","Cross Inn (near New Quay), Ceredigion","Caerwedros, Ceredigion","Pontgarreg, Ceredigion",,,,,,,,,,,,,,,,,,,,,,,,,,,,,,
SA44 (Carmarthenshire),Carmarthenshire,,,"Llandysul, Carmarthenshire","Llangeler, Carmarthenshire","Pentrecwrt, Carmarthenshire","Rhos, Carmarthenshire","Saron (near Llandysul), Carmarthenshire","Capel Dewi (near Llandysul), Carmarthenshire","Drefach Felindre, Carmarthenshire","Henllan, Carmarthenshire",,,,,,,,,,,,,,,,,,,,,,,,,,,,,,,,,,,,,
SA43 (Pembrokeshire),Pembrokeshire,,,"St Dogmaels, Pembrokeshire","Cilgerran, Pembrokeshire","Llandygwydd, Pembrokeshire","Moylgrove, Pembrokeshire","Pen-y-bryn, Pembrokeshire",,,,,,,,,,,,,,,,,,,,,,,,,,,,,,,,,,,,,,,,
SA43 (Ceredigion),Ceredigion,,,"Cardigan, Ceredigion","Aberporth, Ceredigion","Blaenporth, Ceredigion","Gwbert, Ceredigion","Llangoedmor, Ceredigion","Parcllyn, Ceredigion","Penparc, Ceredigion","Tan-y-groes, Ceredigion","Tresaith, Ceredigion","Llandygwydd, Ceredigion","Llechryd, Ceredigion","Ponthirwaun, Ceredigion","Y Ferwig, Ceredigion",,,,,,,,,,,,,,,,,,,,,,,,,,,,,,,,
SA42,Pembrokeshire,,,"Newport, Pembrokeshire","Dinas Cross, Pembrokeshire","Brynhenllan, Pembrokeshire","Nevern, Pembrokeshire",,,,,,,,,,,,,,,,,,,,,,,,,,,,,,,,,,,,,,,,,
SA41,Pembrokeshire,,,"Crymych, Pembrokeshire","Eglwyswrw, Pembrokeshire","Brynberian, Pembrokeshire","Felindre Farchog, Pembrokeshire",,,,,,,,,,,,,,,,,,,,,,,,,,,,,,,,,,,,,,,,,
SA40 (Ceredigion),Ceredigion,,,"Llanwenog, Ceredigion","Gorsgoch, Ceredigion","Drefach, Ceredigion","Cwrtnewydd, Ceredigion","Maesycrugiau, Ceredigion",,,,,,,,,,,,,,,,,,,,,,,,,,,,,,,,,,,,,,,,
SA40 (Carmarthenshire),Carmarthenshire,,,"Llanybydder, Carmarthenshire","Pencarreg, Carmarthenshire",,,,,,,,,,,,,,,,,,,,,,,,,,,,,,,,,,,,,,,,,,,
SA39,Carmarthenshire,,,"Pencader, Carmarthenshire","New Inn, Carmarthenshire","Gwyddgrug, Carmarthenshire","Llanfihangel-ar-Arth, Carmarthenshire","Llanllwni, Carmarthenshire",,,,,,,,,,,,,,,,,,,,,,,,,,,,,,,,,,,,,,,,
SA38 (Ceredigion),Ceredigion,,,"Beulah, Ceredigion","Brongest, Ceredigion","Adpar, Ceredigion","Cwm-cou, Ceredigion",,,,,,,,,,,,,,,,,,,,,,,,,,,,,,,,,,,,,,,,,
SA38 (Carmarthenshire),Carmarthenshire,,,"Capel Iwan, Carmarthenshire","Cenarth, Carmarthenshire","Newcastle Emlyn, Carmarthenshire",,,,,,,,,,,,,,,,,,,,,,,,,,,,,,,,,,,,,,,,,,
SA37,Pembrokeshire,,,"Boncath, Pembrokeshire","Blaenffos, Pembrokeshire","Abercych, Pembrokeshire","Newchapel, Pembrokeshire","Penrhiw, Pembrokeshire",,,,,,,,,,,,,,,,,,,,,,,,,,,,,,,,,,,,,,,,
SA36,Pembrokeshire,,,"Glogue, Pembrokeshire","Hermon, Pembrokeshire","Glandwr, Pembrokeshire",,,,,,,,,,,,,,,,,,,,,,,,,,,,,,,,,,,,,,,,,,
SA35,Pembrokeshire,,,"Llanfyrnach, Pembrokeshire","Star, Pembrokeshire","Tegryn, Pembrokeshire","Bwlchygroes, Pembrokeshire",,,,,,,,,,,,,,,,,,,,,,,,,,,,,,,,,,,,,,,,,
SA34,Carmarthenshire,,,"Blaenwaun, Carmarthenshire","Cwmbach, Carmarthenshire","Tavernspite, Carmarthenshire","Cwmfelin Boeth, Carmarthenshire","Hebron, Carmarthenshire","Llanboidy, Carmarthenshire","Llanfallteg, Carmarthenshire","Llanglydwen, Carmarthenshire","Red Roses, Carmarthenshire","Trevaughan (near Whitland), Carmarthenshire","Whitland, Carmarthenshire","Clynderwen, Carmarthenshire","Efailwen, Carmarthenshire","Glandy Cross, Carmarthenshire",,,,,,,,,,,,,,,,,,,,,,,,,,,,,,,
SA33,Carmarthenshire,,,"Pendine, Carmarthenshire","Blaenycoed, Carmarthenshire","Bancyfelin, Carmarthenshire","Broadway, Carmarthenshire","Brook, Carmarthenshire","Cwmduad, Carmarthenshire","Cynwyl Elfed, Carmarthenshire","Hermon, Carmarthenshire","Laugharne, Carmarthenshire","Llanddowror, Carmarthenshire","Llangain, Carmarthenshire","Llangynin, Carmarthenshire","Llangynog, Carmarthenshire","Llanmiloe, Carmarthenshire","Llanpumsaint, Carmarthenshire","Llansadurnen, Carmarthenshire","Llanybri, Carmarthenshire","Meidrim, Carmarthenshire","St Clears, Carmarthenshire","Talog, Carmarthenshire","Trelech, Carmarthenshire","Llansteffan, Carmarthenshire","Bronwydd, Carmarthenshire",,,,,,,,,,,,,,,,,,,,,,
SA32,Carmarthenshire,,,"Abergorlech, Carmarthenshire","Alltwalis, Carmarthenshire","Brechfa, Carmarthenshire","Capel Dewi (near Carmarthen), Carmarthenshire","Court Henry, Carmarthenshire","Felindre (near Carmarthen), Carmarthenshire","Felingwm Uchaf, Carmarthenshire","Llanarthney, Carmarthenshire","Llanddarog, Carmarthenshire","Llanegwad, Carmarthenshire","Llanfynydd, Carmarthenshire","Llangathen, Carmarthenshire","Nantgaredig, Carmarthenshire","Porthyrhyd (near Carmarthen), Carmarthenshire","Rhydargaeau, Carmarthenshire","Croesyceiliog, Carmarthenshire","Idole, Carmarthenshire","Broad Oak, Carmarthenshire",,,,,,,,,,,,,,,,,,,,,,,,,,,
SA31,Carmarthenshire,,,"Carmarthen, Carmarthenshire","Abergwili, Carmarthenshire","Cwmffrwd, Carmarthenshire","Ffynnon-ddrain, Carmarthenshire",,,,,,,,,,,,,,,,,,,,,,,,,,,,,,,,,,,,,,,,,
SA20,Carmarthenshire,,,"Llandovery, Carmarthenshire","Cilycwm, Carmarthenshire","Myddfai, Carmarthenshire","Rhandirmwyn, Carmarthenshire",,,,,,,,,,,,,,,,,,,,,,,,,,,,,,,,,,,,,,,,,
SA19,Carmarthenshire,,,"Bethlehem, Carmarthenshire","Gwynfe, Carmarthenshire","Ffairfach, Carmarthenshire","Ffarmers, Carmarthenshire","Llandeilo, Carmarthenshire","Llangadog, Carmarthenshire","Llansadwrn, Carmarthenshire","Llansawel, Carmarthenshire","Llanwrda, Carmarthenshire","Pen-y-banc, Carmarthenshire","Porthyrhyd (near Llanwrda), Carmarthenshire","Rhosmaen, Carmarthenshire","Salem, Carmarthenshire","Talley, Carmarthenshire","Trapp, Carmarthenshire",,,,,,,,,,,,,,,,,,,,,,,,,,,,,,
SA18,Carmarthenshire,,,"Ammanford, Carmarthenshire","Upper Brynamman, Carmarthenshire","Capel Hendre, Carmarthenshire","Garnant, Carmarthenshire","Glanaman, Carmarthenshire","Llandybie, Carmarthenshire","Pantyffynnon, Carmarthenshire","Saron, Carmarthenshire","Tycroes, Carmarthenshire","Blaenau, Carmarthenshire","Caerbryn, Carmarthenshire","Milo, Carmarthenshire","Derwydd, Carmarthenshire","Rhosaman, Carmarthenshire",,,,,,,,,,,,,,,,,,,,,,,,,,,,,,,
SA17,Carmarthenshire,,,"Broadlay, Carmarthenshire","Carway, Carmarthenshire","Crwbin, Carmarthenshire","Ferryside, Carmarthenshire","Four Roads, Carmarthenshire","Llangyndeyrn, Carmarthenshire","Llansaint, Carmarthenshire","Meinciau, Carmarthenshire","Mynyddygarreg, Carmarthenshire","Pontantwn, Carmarthenshire","Trimsaran, Carmarthenshire","Kidwelly, Carmarthenshire","Llandyfaelog, Carmarthenshire",,,,,,,,,,,,,,,,,,,,,,,,,,,,,,,,
SA16,Carmarthenshire,,,"Burry Port, Carmarthenshire","Pembrey, Carmarthenshire",,,,,,,,,,,,,,,,,,,,,,,,,,,,,,,,,,,,,,,,,,,
Llanelli,Carmarthenshire,,,"Llanelli, Carmarthenshire","Bynea, Carmarthenshire","Bryn, Carmarthenshire",,,,,,,,,,,,,,,,,,,,,,,,,,,,,,,,,,,,,,,,,,
SA15,Carmarthenshire,,,"Bancffosfelen, Carmarthenshire","Cynheidre, Carmarthenshire","Five Roads, Carmarthenshire","Pont-Henri, Carmarthenshire","Pontyates, Carmarthenshire","Pontyberem, Carmarthenshire","Pwll, Carmarthenshire","Pen-y-mynydd, Carmarthenshire","Mynydd Cerrig, Carmarthenshire",,,,,,,,,,,,,,,,,,,,,,,,,,,,,,,,,,,,
SA14,Carmarthenshire,,,"Hendy, Carmarthenshire","Fforest, Carmarthenshire","Carmel, Carmarthenshire","Cefneithin, Carmarthenshire","Cross Hands, Carmarthenshire","Drefach (near Llanelli), Carmarthenshire","Gorslas, Carmarthenshire","Llangennech, Carmarthenshire","Llannon, Carmarthenshire","Tumble, Carmarthenshire","Upper Tumble, Carmarthenshire","Foelgastell, Carmarthenshire","Penygroes, Carmarthenshire",,,,,,,,,,,,,,,,,,,,,,,,,,,,,,,,
Port Talbot,Neath Port Talbot,,,"Port Talbot, Neath Port Talbot","Eglwys Nunydd, Neath Port Talbot","Coed Hirwaun, Neath Port Talbot","Goytre, Neath Port Talbot",,,,,,,,,,,,,,,,,,,,,,,,,,,,,,,,,,,,,,,,,
SA13,Neath Port Talbot,,,"Abergwynfi, Neath Port Talbot","Blaengwynfi, Neath Port Talbot","Bryn, Neath Port Talbot","Glyncorrwg, Neath Port Talbot","Cynonville, Neath Port Talbot","Duffryn Rhondda, Neath Port Talbot","Cymmer, Neath Port Talbot","Croeserw, Neath Port Talbot",,,,,,,,,,,,,,,,,,,,,,,,,,,,,,,,,,,,,
SA12,Neath Port Talbot,,,"Cwmafan, Neath Port Talbot","Pontrhydyfen, Neath Port Talbot","Efail-fâch, Neath Port Talbot","Tonmawr, Neath Port Talbot",,,,,,,,,,,,,,,,,,,,,,,,,,,,,,,,,,,,,,,,,
SA11,Neath Port Talbot,,,"Blaengwrach, Neath Port Talbot","Cwmgwrach, Neath Port Talbot","Glynneath, Neath Port Talbot","Melincourt, Neath Port Talbot","Resolven, Neath Port Talbot","Clyne, Neath Port Talbot","Abergarwed, Neath Port Talbot",,,,,,,,,,,,,,,,,,,,,,,,,,,,,,,,,,,,,,
SA10,Neath Port Talbot,,,"Crynant, Neath Port Talbot","Dyffryn Cellwen, Neath Port Talbot","Seven Sisters, Neath Port Talbot",,,,,,,,,,,,,,,,,,,,,,,,,,,,,,,,,,,,,,,,,,
Neath,Neath Port Talbot,,,"Neath, Neath Port Talbot","Jersey Marine, Neath Port Talbot","Aberdulais, Neath Port Talbot","Cilfrew, Neath Port Talbot","Briton Ferry, Neath Port Talbot","Skewen, Neath Port Talbot",,,,,,,,,,,,,,,,,,,,,,,,,,,,,,,,,,,,,,,
SA9,Powys,,,"Coelbren, Powys","Cwmtwrch Isaf, Powys","Cwmtwrch Uchaf, Powys","Gurnos, Powys","Pen-y-cae, Powys","Abercraf, Powys","Caehopkin, Powys","Cwmgiedd, Powys","Penrhos, Powys","Ystradgynlais, Powys","Glanrhyd, Powys","Caerbont, Powys","Ynyswen, Powys","Craig-y-nos, Powys",,,,,,,,,,,,,,,,,,,,,,,,,,,,,,,
SA8,Neath Port Talbot,,,"Cwmgors, Neath Port Talbot","Gwaun-Cae-Gurwen, Neath Port Talbot","Lower Brynamman, Neath Port Talbot","Tairgwaith, Neath Port Talbot","Gwaun-Leision, Neath Port Talbot","Cwmllynfell, Neath Port Talbot","Ystradowen, Neath Port Talbot","Rhiwfawr, Neath Port Talbot","Ystalyfera, Neath Port Talbot","Godre'r Graig, Neath Port Talbot","Alltwen, Neath Port Talbot","Pontardawe, Neath Port Talbot","Rhos, Neath Port Talbot","Rhyd-y-fro, Neath Port Talbot","Trebanos, Neath Port Talbot","Ynysmeudwy, Neath Port Talbot","Cilmaengwyn, Neath Port Talbot",,,,,,,,,,,,,,,,,,,,,,,,,,,,
Swansea Central,Swansea,,,"Swansea City Centre, Swansea","Maritime Quarter, Swansea","Port Tennant, Swansea","St Thomas, Swansea","Mayhill, Swansea","Townhill, Swansea","Sandfields, Swansea","Mount Pleasant, Swansea","Brunswick, Swansea",,,,,,,,,,,,,,,,,,,,,,,,,,,,,,,,,,,,
Swansea West,Swansea,,,"Cockett, Swansea","Brynmill, Swansea","Uplands, Swansea","Sketty, Swansea","Cwm Gwyn, Swansea","Tycoch, Swansea","Olchfa, Swansea","Killay, Swansea","Upper Killay, Swansea","Dunvant, Swansea","Lower Sketty, Swansea","Hendrefoilan, Swansea",,,,,,,,,,,,,,,,,,,,,,,,,,,,,,,,,
Swansea North East,Swansea,,,"Copper Quarter, Swansea","Pentrechwyth, Swansea","Bonymaen, Swansea","Cefn Hengoed, Swansea","Eastside, Swansea","Pentre Dwr, Swansea","Trallwn, Swansea","Talycopa, Swansea","Llansamlet, Swansea","Tregof Village, Swansea","Birchgrove, Swansea",,,,,,,,,,,,,,,,,,,,,,,,,,,,,,,,,,
Swansea North,Swansea,,,"Ynystawe, Swansea","Ynysforgan, Swansea","Cwmrhydyceirw, Swansea","Llangyfelach, Swansea","Morriston, Swansea",,,,,,,,,,,,,,,,,,,,,,,,,,,,,,,,,,,,,,,,
Swansea North West,Swansea,,,"Landore, Swansea","Plasmarl, Swansea","Mynydd Bach, Swansea","Clase, Swansea","Tirdeunaw, Swansea","Treboeth, Swansea","Brynhyfryd, Swansea","Manselton, Swansea","Cwmbwrla, Swansea","Penlan, Swansea","Cwmdu, Swansea","Gendros, Swansea","Ravenhill, Swansea","Fforestfach, Swansea","Portmead, Swansea","Blaenymaes, Swansea",,,,,,,,,,,,,,,,,,,,,,,,,,,,,
Swansea Rural Areas,Swansea,,,"Clydach, Swansea","Craig-cefn-parc, Swansea","Felindre, Swansea","Alltwen, Swansea","Glais, Swansea",,,,,,,,,,,,,,,,,,,,,,,,,,,,,,,,,,,,,,,,
SA4,Swansea,,,"Waunarlwydd, Swansea","Crofty, Swansea","Gorseinon, Swansea","Gowerton, Swansea","Grovesend, Swansea","Llanmorlais, Swansea","Loughor, Swansea","Penclawdd, Swansea","Penllergaer, Swansea","Pontarddulais, Swansea","Pontlliw, Swansea","Three Crosses, Swansea","Tircoed, Swansea","Kingsbridge, Swansea","Garden Village, Swansea","Wernffrwd, Swansea","Garnswllt, Swansea",,,,,,,,,,,,,,,,,,,,,,,,,,,,
SA3,Swansea,,,"Bishopston, Swansea","Blackpill, Swansea","Horton, Swansea","Knelston, Swansea","Landimore, Swansea","Langland, Swansea","Llangennith, Swansea","Llanmadoc, Swansea","Llanrhidian, Swansea","Middleton, Swansea","Newton, Swansea","Oldwalls, Swansea","Overton, Swansea","Oxwich, Swansea","Oystermouth, Swansea","Mumbles, Swansea","Penmaen, Swansea","Pennard, Swansea","Reynoldston, Swansea","Rhossili, Swansea","West Cross, Swansea","Mayals, Swansea","Norton, Swansea","Murton, Swansea","Kittle, Swansea","Langrove, Swansea","Lunnon, Swansea","Southgate, Swansea","Port Eynon, Swansea",,,,,,,,,,,,,,,,
